Analyse de t_cond_chem;2024-08

Unicité;dm_cd_code;dm_cm_code
Taux d'unicité;99.99%;85.88%
Valeurs dupliquées;9429186, 9457336;559122, 559123, 559124, 559125, 559126, 559127, 559131, 556246, 556249, 556250, 556251, 556252, 559924, 559925, 562552, 562553, 562554, 562557, 562560, 562566, 562574, 562576, 561451, 561454, 561464, 561465, 560099, 560101, 560169, 560177, 560180, 561402, 561403, 561414, 561419, 561420, 561423, 561494, 561496, 586171, 583113, 583127, 583112, 563792, 586664, 586538, 586468, 582270, 582228, 586154, 586155, 586165, 586166, 586167, 586168, 586169, 586170, 587317, 586583, 587355, 587364, 585804, 585806, 585807, 585808, 585809, 586581, 585799, 585803, 582310, 589643, 587535, 587538, 587539, 587540, 585127, 585128, 586195, 586198, 586204, 586174, 586175, 586192, 586193, 586194, 586042, 586043, 585385, 585389, 585390, 587367, 587368, 587375, 587376, 589622, 589625, 587509, 585325, 585326, 585327, 585328, 585810, 586005, 586006, 586009, 586020, 586026, 586028, 587337, 587338, 586178, 586179, 586180, 586181, 653434, 586227, 563918, 653438, 653437, 559923, 561850, 586502, 586501, 586881, 559243, 564307, 558900, 563614, 563615, 2028219, 564086, 563295, 560396, 559545, 560537, 2028209, 562568, 563005, 551978, 587436, 1968744, 587796, 586721, 563040, 558958, 586110, 724233, 559578, 558772, 562677, 564207, 565903, 565928, 653420, 563224, 562644, 556266, 558992, 558993, 558660, 558661, 558662, 558680, 558687, 558689, 558690, 565887, 565888, 558653, 558656, 558657, 558658, 558659, 565929, 1977633, 555491, 555454, 555492, 555493, 555494, 558608, 558609, 558616, 558624, 558626, 558632, 558633, 558634, 558643, 558644, 558645, 558646, 565971, 558978, 558979, 558981, 558982, 558986, 558987, 558990, 558991, 565972, 1968745, 558610, 558614, 555479, 564199, 564200, 564201, 558747, 558753, 558756, 558758, 558763, 562375, 562376, 562379, 562381, 566413, 558857, 558858, 558859, 558860, 562382, 562383, 562385, 562386, 564119, 558694, 558698, 558700, 558701, 558880, 558881, 558885, 558886, 558887, 558903, 559079, 559082, 559088, 559089, 564139, 564141, 564142, 564144, 564148, 564152, 564159, 564160, 562300, 562302, 562303, 562304, 562309, 562310, 562319, 562320, 562323, 562325, 562326, 559090, 562446, 562447, 558971, 564162, 558769, 558835, 558836, 558840, 558841, 558842, 558845, 558846, 562370, 564069, 564070, 558781, 558782, 558783, 560779, 558850, 558852, 559031, 564083, 564087, 564090, 560839, 560840, 560841, 560842, 560861, 562338, 562339, 562340, 562351, 562353, 562356, 562357, 556255, 558906, 558908, 558909, 558910, 558919, 558922, 560862, 560863, 560867, 562405, 562407, 562327, 562335, 558923, 558936, 558937, 558938, 558939, 558940, 558944, 558946, 558947, 562452, 562454, 562455, 558999, 559001, 562457, 564041, 564049, 564056, 564057, 564060, 558812, 558815, 562358, 562359, 562361, 562365, 559003, 559004, 559012, 559013, 559014, 559016, 559017, 559018, 559019, 559020, 559021, 559022, 558834, 560830, 560834, 560838, 559141, 559142, 559144, 559145, 559148, 559157, 559160, 559161, 559162, 562418, 562424, 562425, 558735, 558736, 558739, 560749, 558721, 558727, 558729, 558734, 562449, 564203, 558954, 562427, 562428, 562429, 562435, 564204, 558955, 558798, 558799, 560768, 560772, 560776, 559045, 559046, 562392, 562399, 558691, 558692, 558693, 559049, 559072, 559073, 559074, 559076, 559077, 562400, 562402, 558719, 558720, 560873, 560875, 558741, 558742, 558743, 558745, 558746, 561686, 561687, 561773, 561774, 560794, 560808, 560812, 560815, 560163, 561697, 560217, 560218, 560219, 590427, 590426, 560168, 590366, 560397, 560411, 590365, 560278, 560279, 563538, 561893, 561895, 561896, 561897, 563667, 563668, 563679, 563681, 561834, 561843, 561853, 561858, 561864, 561871, 559114, 559115, 559116, 559117, 563687, 563688, 563689, 563691, 559207, 559214, 565632, 561912, 561070, 559118, 559119, 559120, 559121, 561709, 561710, 561711, 566496, 566499, 561759, 561760, 561761, 561762, 563437, 563442, 563447, 563037, 563041, 563696, 563702, 561764, 561765, 561766, 561772, 561807, 561811, 561812, 561813, 561818, 561824, 561825, 563418, 559099, 559100, 565305, 560224, 560225, 560226, 561782, 559112, 559113, 565664, 563045, 563047, 563048, 563049, 561906, 561907, 561909, 561910, 560124, 561735, 561737, 561741, 561743, 561753, 561881, 561882, 561758, 560148, 590425, 590424, 561783, 561785, 561791, 561796, 561832, 559215, 559216, 563095, 563096, 561720, 561721, 561726, 561875, 561876, 560294, 560295, 560296, 560297, 560298, 560299, 561484, 561486, 561093, 563432, 563433, 561144, 563536, 563537, 563539, 559795, 563635, 563636, 561147, 561151, 561153, 561154, 561155, 561156, 561159, 561166, 561168, 561176, 561178, 561179, 563489, 561396, 561400, 561401, 562105, 562106, 562108, 562110, 562112, 562113, 561916, 561917, 559765, 559766, 559767, 561470, 561475, 561478, 562183, 562185, 561094, 559768, 559769, 590806, 590805, 590374, 590373, 562194, 562195, 562197, 561107, 561116, 561119, 561120, 561130, 561135, 561136, 561139, 561140, 563572, 561431, 561433, 561434, 561436, 561437, 561440, 563054, 563454, 563455, 563456, 563461, 563472, 563475, 563476, 563477, 563577, 563578, 563581, 563589, 563594, 563596, 563597, 563599, 563600, 564030, 564036, 564037, 564040, 560231, 560235, 560236, 560239, 560240, 560243, 563604, 563606, 559180, 562198, 562199, 560251, 560252, 561926, 561932, 561942, 559181, 560258, 560261, 560262, 561987, 561990, 561991, 561993, 561994, 561995, 561996, 563561, 559184, 559185, 559186, 559187, 559793, 563637, 563638, 563639, 563642, 563643, 563644, 563645, 563646, 562116, 562117, 562141, 562143, 563710, 563713, 563716, 563726, 563568, 563569, 563570, 563571, 559165, 563650, 563654, 563660, 563666, 562172, 560583, 560590, 560594, 560595, 560596, 560601, 560612, 563495, 563502, 563504, 563505, 563506, 562175, 562178, 562125, 562260, 562261, 562262, 562131, 562132, 562135, 560230, 563508, 563509, 563510, 563511, 563512, 561944, 561945, 561947, 561948, 561949, 561950, 561951, 563607, 563061, 563062, 563742, 561960, 561971, 561978, 561979, 563616, 559189, 559192, 559193, 559194, 559195, 562101, 562102, 562103, 562104, 560621, 560623, 559198, 559200, 559203, 562217, 562218, 562219, 562220, 562221, 562222, 562231, 562232, 562237, 562241, 561192, 561194, 556285, 556293, 556294, 562242, 562244, 562251, 562253, 561084, 561085, 561088, 561090, 561091, 561092, 563520, 563521, 563524, 563525, 563526, 563527, 563528, 563804, 563823, 563832, 560630, 560631, 560646, 562279, 562280, 562284, 562285, 562286, 562287, 562288, 562289, 562290, 560649, 560650, 560651, 560655, 560659, 560660, 560661, 562664, 562665, 562666, 562667, 562671, 590363, 590364, 560701, 560702, 560703, 560708, 560709, 560506, 560507, 560515, 562268, 562022, 562023, 562024, 562025, 562026, 562680, 562681, 562682, 563909, 563950, 563951, 586884, 585691, 559154, 561215, 562628, 562629, 562630, 562634, 562637, 562640, 562642, 562646, 563163, 563164, 563165, 563166, 563167, 563762, 560662, 565427, 565430, 562652, 562653, 562654, 562090, 562096, 563884, 563885, 563886, 563888, 562685, 562686, 562687, 562695, 560665, 560671, 560673, 560675, 560676, 563889, 563911, 563913, 563914, 563916, 563928, 562161, 562167, 560681, 560682, 561202, 561204, 561206, 561207, 561208, 561209, 560549, 560550, 560551, 560556, 560557, 560561, 560563, 561212, 562053, 562055, 562060, 562063, 562698, 562701, 562702, 563970, 563976, 560573, 561999, 562002, 562003, 562004, 562011, 562071, 562083, 590397, 563248, 563251, 563262, 563263, 563265, 560425, 560427, 563771, 563773, 563206, 585463, 563310, 560530, 560532, 560533, 560534, 560536, 560538, 560539, 560540, 560541, 562263, 562264, 562265, 562038, 562039, 562040, 563788, 563933, 563934, 563935, 563945, 563948, 563949, 563890, 563894, 564014, 564019, 564020, 564025, 564028, 562149, 562151, 562155, 562156, 562157, 562158, 562159, 562160, 562048, 562049, 563900, 563835, 562994, 563003, 563007, 563008, 563013, 1950753, 1950757, 1001645, 563882, 563880, 562013, 562014, 563854, 563855, 563864, 563745, 563746, 563747, 563748, 563759, 563761, 560735, 560740, 563789, 563794, 563799, 563801, 563802, 563803, 562272, 562273, 562274, 562275, 559341, 559345, 564440, 562735, 562738, 562970, 562975, 562978, 562979, 562980, 562981, 562984, 562985, 562987, 562988, 562990, 560967, 560968, 560974, 560975, 561220, 561222, 562741, 562742, 562745, 562756, 562764, 562765, 562771, 562775, 562777, 559349, 561225, 561226, 561227, 561232, 561233, 561238, 559351, 561042, 561047, 561048, 561049, 561050, 562458, 562461, 562462, 562463, 562469, 559218, 559219, 559303, 559309, 562476, 562477, 562478, 562485, 564210, 564215, 564219, 564220, 559290, 559310, 559315, 559317, 559320, 562530, 562531, 562532, 562533, 562534, 562535, 562536, 562537, 562538, 564222, 564224, 561309, 561313, 561314, 561315, 561003, 561004, 559538, 559539, 559540, 559544, 559639, 559641, 559642, 559643, 559644, 559645, 559660, 559671, 562541, 562542, 562993, 561021, 561030, 561035, 559549, 559550, 561247, 561248, 561250, 561252, 561253, 561254, 561256, 560208, 561521, 562588, 562589, 562590, 562591, 562594, 562595, 562604, 562605, 562608, 562609, 562610, 562611, 562612, 562613, 559292, 559295, 564454, 564455, 564456, 559591, 559592, 559593, 559595, 559596, 562715, 562716, 562719, 562724, 562725, 562614, 562624, 564209, 559300, 559302, 560937, 560939, 560940, 560950, 560952, 560958, 560959, 560964, 562490, 562491, 562492, 559597, 559598, 559599, 559619, 562551, 561012, 561013, 561326, 561329, 561339, 559628, 559632, 559633, 559636, 559637, 559334, 556262, 556263, 556267, 556269, 562578, 562579, 562580, 561340, 561341, 561342, 561343, 561344, 561345, 561346, 561347, 556270, 556273, 556274, 556275, 564457, 564458, 564459, 561377, 563181, 561601, 562582, 562584, 563179, 559285, 560899, 560901, 560902, 560903, 556277, 556278, 590381, 556279, 559338, 591026, 563186, 563187, 560904, 560909, 560910, 560913, 560915, 560916, 560929, 591025, 559575, 559576, 559580, 559581, 556286, 561014, 561017, 560936, 562508, 562509, 562511, 562521, 559674, 559675, 559676, 559677, 559582, 559589, 561278, 561279, 561280, 561281, 561290, 561291, 561292, 561295, 561302, 561304, 561307, 559638, 559352, 561018, 561019, 561020, 559353, 559682, 563241, 559272, 561261, 561263, 561268, 561269, 561270, 561271, 561276, 559239, 559278, 559279, 559280, 559281, 559282, 559283, 560189, 560193, 560197, 560199, 562967, 562969, 559245, 559246, 559252, 559260, 559261, 559263, 559264, 559266, 559267, 563409, 563016, 563017, 563019, 563022, 563025, 563028, 563029, 564533, 564534, 564536, 564539, 564540, 564541, 564542, 559529, 559533, 559689, 559750, 563386, 563180, 563212, 563213, 563214, 559751, 559754, 559755, 559756, 563387, 563395, 563399, 563401, 563402, 563405, 560663, 561364, 561365, 561366, 561367, 561368, 561369, 561375, 564272, 564274, 563348, 561378, 561379, 561514, 564576, 564577, 564575, 564578, 563351, 563353, 561540, 561533, 559714, 559715, 559716, 559717, 559718, 559719, 559720, 559735, 559736, 563354, 563357, 563362, 563369, 562814, 562803, 562806, 562811, 562812, 562816, 564408, 559738, 559742, 559743, 559744, 564411, 564412, 564424, 564426, 564428, 564304, 564306, 564313, 564314, 563193, 563195, 563196, 563197, 564336, 562890, 562891, 562896, 562900, 562817, 562829, 562833, 562834, 562835, 562839, 561666, 561667, 563207, 559690, 559691, 559692, 559693, 559695, 559696, 559697, 559698, 559699, 564593, 562902, 562904, 562905, 562909, 562910, 562911, 563347, 564248, 564263, 562881, 562866, 562871, 562875, 562879, 562880, 562912, 562913, 562916, 563370, 563371, 563375, 561527, 561517, 561518, 561519, 563220, 562884, 562886, 563378, 561381, 562800, 562802, 561643, 561646, 561647, 561648, 561668, 561669, 561675, 561676, 561677, 561679, 563266, 563267, 563270, 563271, 563272, 563233, 563234, 563235, 563237, 563243, 563244, 563245, 563246, 564344, 564345, 561649, 561650, 561661, 561665, 562859, 562860, 562861, 562862, 562863, 564613, 564614, 564626, 564630, 562918, 562919, 562930, 562933, 556309, 559398, 559399, 559401, 559412, 559413, 559414, 562944, 562954, 563406, 563408, 564389, 559419, 559420, 559430, 559431, 559432, 564564, 564565, 559377, 559380, 559381, 559382, 559383, 559387, 559388, 559397, 561541, 561543, 561546, 561550, 561551, 561564, 561568, 561579, 561641, 559478, 559479, 559480, 559481, 586503, 724244, 559492, 559494, 559497, 559499, 559500, 559502, 559503, 559504, 564355, 559521, 559522, 570096, 561582, 561583, 561586, 561587, 561593, 561594, 561607, 561609, 561612, 561614, 559523, 590429, 590428, 559524, 561057, 561058, 564667, 561619, 561629, 558748, 564208, 559433, 559443, 559444, 559457, 564371, 559370, 559371, 559373, 559376, 564668, 564672, 562726, 562412, 564675, 564676, 563286, 563287, 563288, 563291, 563292, 563294, 563303, 563313, 563314, 563316, 563319, 559458, 559460, 559461, 563327, 563332, 559463, 559464, 559465, 559466, 559467, 559473, 571935, 559244, 563225, 570312, 570314, 570330, 577340, 576619, 569807, 576559, 577183, 577185, 577216, 577217, 577218, 589454, 589460, 589469, 563227, 589381, 587992, 587297, 587298, 587299, 587288, 587289, 587291, 587653, 589427, 571596, 571598, 571599, 571600, 563446, 1972193, 587989, 587941, 587942, 587943, 558853, 587411, 589412, 589344, 589346, 587382, 570967, 587399, 587797, 587819, 587822, 570999, 576749, 576750, 587823, 588092, 587405, 587406, 587912, 587913, 587915, 570384, 589940, 589942, 589943, 589954, 802280, 587483, 589804, 570407, 589937, 562951, 562952, 562931, 562202, 570383, 589298, 586544, 586547, 586548, 586549, 589493, 589494, 586497, 586725, 589521, 589597, 586367, 586369, 586371, 562501, 586467, 586844, 586848, 586300, 586301, 586304, 586305, 586306, 586307, 586311, 586312, 586313, 586319, 586321, 586322, 586580, 562374, 562212, 589719, 589717, 586520, 586525, 586528, 586787, 586803, 586817, 586828, 586832, 583302, 586635, 586636, 586637, 570646, 586639, 586643, 586661, 586835, 585627, 585628, 585634, 585638, 585639, 585640, 585646, 583301, 586744, 586754, 586767, 563355, 585245, 586733, 586736, 586768, 587042, 587043, 581590, 581591, 585456, 581810, 590220, 590219, 586849, 561067, 587233, 586894, 586895, 586896, 586916, 586923, 586924, 586925, 570713, 570714, 583263, 586931, 586932, 586941, 586947, 587199, 587200, 586870, 586872, 586875, 586877, 586995, 586948, 585438, 585444, 585445, 587057, 587058, 585458, 585460, 585467, 585470, 563004, 583353, 586958, 583383, 583384, 587136, 587137, 587142, 587148, 585665, 585666, 585667, 587261, 585417, 586216, 586217, 586231, 586248, 586250, 585849, 585854, 586265, 586267, 586268, 586269, 585879, 585880, 583165, 585846, 583215, 585912, 585913, 585914, 585915, 585916, 585917, 585918, 585919, 581460, 585920, 585929, 585941, 583184, 583185, 586272, 586273, 586274, 586275, 586281, 586295, 586296, 585403, 585278, 586001, 586003, 585412, 585413, 585415, 582215, 585293, 584044, 585947, 585948, 585949, 585950, 585951, 585956, 585957, 585959, 585960, 562927, 581993, 581996, 585102, 585103, 585104, 585105, 585965, 585972, 585978, 585986, 585987, 585988, 585990, 585998, 581945, 584583, 586201, 585368, 582186, 582901, 582940, 582941, 1984036, 1984035, 1554276, 1554277, 585701, 585702, 585707, 585816, 585817, 583739, 585452, 582861, 582862, 582864, 582942, 585716, 585717, 582507, 582509, 585815, 7082296, 2067586, 7082297, 7082295, 1283244, 1283245, 584197, 584232, 582878, 584196, 582049, 585532, 585544, 585758, 585769, 585770, 597460, 585386, 585391, 585776, 580975, 580976, 580977, 585396, 585397, 585398, 586057, 586058, 586059, 586060, 581013, 584000, 582035, 582041, 582042, 586122, 586066, 586067, 586068, 581362, 581363, 586133, 586134, 559066, 586135, 586136, 586150, 586151, 586152, 585579, 585581, 585582, 586083, 586084, 586085, 586086, 585583, 586087, 586091, 586094, 586098, 586099, 586100, 586101, 586102, 586103, 586108, 586119, 581014, 581015, 581016, 581017, 586019, 585814, 586075, 586076, 586077, 586080, 586081, 586082, 586942, 563042, 560523, 563601, 563821, 563685, 563587, 561056, 561134, 563648, 586109, 562939, 2028214, 2028215, 2028213, 586662, 586720, 586722, 586665, 563923, 563658, 564027, 2028216, 1940520, 563345, 561628, 562569, 2023409, 563239, 1950755, 563285, 590402, 590401, 590400, 590252, 590251, 590250, 590249, 590248, 591062, 591061, 590247, 590404, 590403, 2028211, 2028218, 563190, 561877, 561878, 559197, 560254, 562012, 560935, 560253, 563396, 562278, 1283553, 1283554, 1283556, 6881009, 586388, 560674, 586644, 603577, 603587, 603590, 603591, 603594, 603595, 559071, 559326, 560969, 560238, 556276, 1358778, 1358779, 1358780, 561466, 561922, 585818, 639713, 639714, 662433, 558733, 563712, 586751, 563611, 563367, 563818, 562956, 563204, 563513, 662141, 662154, 681654, 562746, 582048, 560232, 561497, 561317, 561860, 561348, 1931555, 1931563, 562558, 696091, 696361, 696095, 696094, 696090, 713318, 580694, 580696, 701512, 701513, 704056, 704062, 706948, 706927, 706928, 706929, 706933, 706940, 701476, 701477, 701478, 701479, 705009, 705014, 705015, 705024, 705343, 705342, 705335, 706931, 606138, 606140, 546057, 915555, 915557, 915558, 564097, 564099, 563907, 587198, 917478, 917480, 917481, 918755, 918757, 587356, 568078, 568077, 567560, 602897, 602898, 568532, 584604, 639408, 779241, 935075, 568035, 568500, 567454, 542851, 542849, 542823, 607410, 724232, 605809, 605813, 605814, 639405, 607723, 607724, 586961, 542850, 552904, 590415, 590416, 568976, 579847, 569641, 585274, 585305, 754915, 754914, 582898, 767716, 775512, 775513, 768034, 767713, 767717, 779235, 779233, 779234, 785317, 785314, 802303, 639411, 639412, 639410, 639409, 810281, 810278, 810273, 810276, 810275, 828195, 828196, 830434, 830436, 586419, 586030, 755594, 775514, 938915, 775409, 637796, 546606, 545907, 638120, 638117, 720376, 555877, 587864, 605824, 605822, 606129, 775509, 637801, 637802, 637799, 637798, 775520, 606139, 606141, 605823, 775524, 775521, 637800, 638115, 568964, 568967, 568968, 568965, 600047, 600046, 601297, 638122, 775506, 775507, 602899, 720385, 775522, 775523, 720386, 608673, 605820, 775503, 775504, 775505, 775517, 609635, 609637, 609638, 609633, 946003, 952369, 2067587, 1554963, 1984039, 998772, 2067585, 1001635, 1010299, 1010300, 1001637, 1010298, 2079455, 2081662, 6815144, 6880689, 998769, 7121330, 7121329, 6947892, 1001638, 1001639, 1125802, 1282928, 1001644, 1283233, 1360997, 1361002, 1283243, 1640034, 1640035, 1361000, 1984043, 1984042, 1361001, 1360998, 1370602, 1379238, 1943073, 568966, 560489, 1984038, 1984037, 2098292, 998763, 637807, 637806, 552085, 561757, 560263, 1946285, 1946275, 561391, 561392, 561670, 560183, 566657, 567531, 561819, 562016, 562315, 562377, 1268514, 1379236, 1285491, 1379237, 1414442, 1416370, 1414441, 6312371, 6312372, 1416369, 1554286, 1285795, 1285796, 1554284, 7283251, 6312370, 7119089, 7283252, 3401969, 639464, 567973, 1314594, 1314595, 1314596, 572230, 704060, 637793, 638124, 638126, 1315556, 1315555, 637794, 639445, 639446, 653421, 653419, 639455, 639453, 639454, 588085, 568145, 554844, 1317474, 639083, 639084, 638127, 638128, 639451, 639452, 588086, 584067, 607418, 607417, 607416, 607415, 607414, 634259, 634260, 1325175, 1325174, 1332193, 585864, 585866, 585867, 639393, 639394, 549123, 548765, 549561, 551572, 551573, 551574, 562808, 569155, 586753, 569646, 2079450, 2079454, 2079456, 2098291, 1638763, 1640033, 1638762, 560823, 1985459, 1985458, 2067588, 2082289, 2079448, 2079449, 6793011, 6801337, 6801336, 1125800, 2081657, 6813809, 1638761, 1984041, 2081664, 2081663, 6793010, 558744, 1360994, 564026, 2028529, 559630, 587863, 1940519, 563706, 562577, 561218, 563068, 560260, 563657, 564303, 587537, 559005, 564302, 559080, 558856, 562986, 563356, 585660, 586011, 586310, 586289, 563613, 590379, 598439, 598417, 598418, 598437, 598438, 590378, 605137, 597459, 566081, 566132, 566133, 558811, 558911, 562380, 561855, 561839, 561806, 558796, 559922, 586017, 586018, 559248, 563183, 561599, 585621, 585593, 564214, 564543, 1298916, 603241, 546675, 561041, 561164, 585889, 1931556, 1931562, 1931559, 563323, 582420, 562810, 1931554, 570665, 1931557, 562791, 560678, 562493, 562790, 562789, 563221, 585543, 1932526, 1934114, 587258, 1940514, 563070, 1940515, 560527, 563819, 1940516, 563822, 563574, 563365, 1940513, 587503, 563311, 563360, 563363, 1285797, 563711, 1942128, 1940522, 580085, 562464, 562957, 563368, 563364, 563686, 554866, 1940521, 563361, 554868, 563346, 554867, 560925, 1977634, 560229, 561318, 582051, 562139, 562137, 582052, 1944353, 561861, 561350, 560931, 641957, 562181, 582047, 641955, 561969, 1945009, 552425, 587569, 562747, 562091, 1946279, 563947, 1946609, 1946288, 1946278, 560264, 1945637, 1946274, 1946610, 1946276, 1946277, 1946287, 1946615, 1946612, 563932, 1946611, 1946613, 1950756, 1950758, 563883, 560707, 562615, 587385, 560603, 586045, 586173, 585926, 561406, 586046, 561787, 586847, 562044, 587383, 560213, 561898, 562317, 562316, 586885, 562126, 562045, 560265, 562318, 561788, 562267, 560504, 561901, 1952361, 562266, 561914, 560874, 562307, 561814, 560893, 562616, 561750, 577484, 577485, 558901, 563397, 692628, 558808, 558725, 565889, 563398, 562949, 562895, 562696, 562932, 564100, 586640, 586405, 562887, 586666, 563533, 563434, 563343, 560930, 563344, 562953, 1980834, 1980833, 560933, 585961, 564673, 1980835, 560934, 564674, 564562, 570099, 561483, 560816, 563608, 564561, 561034, 547187, 561570, 1987234, 561642, 560822, 560819, 1985457, 586858, 563374, 561203, 559927, 560932, 1985460, 1985463, 561294, 561221, 560820, 561037, 561036, 561569, 561015, 561362, 562655, 560167, 561404, 558864, 558863, 561988, 561749, 562216, 775511, 562128, 2004862, 559151, 562127, 560721, 561847, 561924, 561532, 2005491, 562688, 561534, 562784, 2005493, 561510, 561509, 563891, 2007098, 586539, 558985, 2005492, 586317, 560216, 563770, 2007427, 2007428, 586618, 2011267, 556311, 563059, 2023410, 563372, 563817, 2027249, 563659, 563820, 562215, 564213, 587914, 2028530, 586002, 559794, 559501, 603240, 639461, 607713, 598440, 598426, 608035, 608036, 567998, 598427, 598430, 598431, 607718, 598428, 598429, 587408, 560751, 563015, 562766, 720378, 585994, 585995, 562419, 585993, 577184, 562409, 561308, 584231, 946004, 563222, 609636, 2112065, 2085184, 3380851, 2112067, 2112066, 587542, 559270, 583448, 587201, 560777, 561941, 558755, 586726, 560965, 560966, 560222, 607409, 7896371, 7896369, 7896370, 2134134, 559659, 562073, 562763, 565429, 562074, 563881, 1283248, 6777009, 1283247, 6801338, 7082294, 7145969, 1370603, 6312369, 6962291, 1283246, 1360993, 1360995, 1283238, 2134137, 1297635, 563322, 1283884, 1298917, 604818, 604822, 603242, 706923, 597143, 603634, 998768, 604827, 604828, 604829, 604830, 706922, 603633, 607075, 564301, 639460, 1339586, 1428836, 1371253, 1129318, 1129319, 605811, 605460, 639080, 639081, 639079, 1297953, 1554280, 1554281, 1370604, 1001633, 1001634, 1554961, 1554288, 1554287, 1554283, 1554285, 1554964, 1283557, 1283558, 1285793, 1285794, 1001636, 1010297, 1010296, 1010295, 1984040, 2098290, 2081660, 2081659, 2081661, 2081658, 998771, 998767, 998766, 998765, 998764, 1554278, 1554279, 2134133, 2134136, 2134135, 6312374, 6312375, 6312373, 1125801, 2085183, 2085182, 2085181, 2079453, 2079452, 2079451, 1987553, 1984045, 1984044, 1281317, 1281318, 1281319, 1281320, 1282927, 561505, 1931553, 561506, 7871409, 7896373, 560818, 8591089, 8868533, 560817, 564035, 8660210, 556271

Correspondances;dm_cd_code → t_conduite;dm_cm_code → t_cheminement
Taux de succès;99.99%;100.0%
Valeurs non trouvées;Aucune;Aucune

Codes vides;0;0
